[
  { "id": "1", "name": "Distrito 1 − Arica y Parinacota" },
  { "id": "2", "name": "Distrito 2 − Tarapacá" },
  { "id": "3", "name": "Distrito 3 − Antofagasta" },
  { "id": "4", "name": "Distrito 4 − Atacama" },
  { "id": "5", "name": "Distrito 5 − Coquimbo" },
  { "id": "6", "name": "Distrito 6 − Región de Valparaíso (parte norte)" },
  { "id": "7", "name": "Distrito 7 − Región de Valparaíso (parte costera)" },
  { "id": "8", "name": "Distrito 8 − Región Metropolitana (zona norte)" },
  { "id": "9", "name": "Distrito 9 − Región Metropolitana (zona poniente)" },
  { "id": "10", "name": "Distrito 10 − Región Metropolitana (zona oriente-centro)" },
  { "id": "11", "name": "Distrito 11 − Región Metropolitana (exclusivo oriente)" },
  { "id": "12", "name": "Distrito 12 − Región Metropolitana (zona sur-oriente)" },
  { "id": "13", "name": "Distrito 13 − Región Metropolitana (zona sur-poniente)" },
  { "id": "14", "name": "Distrito 14 − Región Metropolitana (zona metropolitana más periférica)" },
  { "id": "15", "name": "Distrito 15 − Región de O’Higgins" },
  { "id": "16", "name": "Distrito 16 − Región del Maule" },
  { "id": "17", "name": "Distrito 17 − Región del Maule/Curicó" },
  { "id": "18", "name": "Distrito 18 − Región del Maule/Cauquenes" },
  { "id": "19", "name": "Distrito 19 − Región del Ñuble" },
  { "id": "20", "name": "Distrito 20 − Región del Biobío (Concepción y alrededores)" },
  { "id": "21", "name": "Distrito 21 − Región del Biobío (provincia de Arauco y Lota)" },
  { "id": "22", "name": "Distrito 22 − Región de La Araucanía" },
  { "id": "23", "name": "Distrito 23 − Región de La Araucanía/Temuco y alrededores" },
  { "id": "24", "name": "Distrito 24 − Región de Los Ríos" },
  { "id": "25", "name": "Distrito 25 − Región de Los Lagos (parte norte)" },
  { "id": "26", "name": "Distrito 26 − Región de Los Lagos (parte sur/islas)" },
  { "id": "27", "name": "Distrito 27 − Región de Aysén" },
  { "id": "28", "name": "Distrito 28 − Región de Magallanes y Antártica Chilena" }
]
